subject_name,id
alligator weed,22
american skunk cabbage,13
asiatic tearthumb,38
broomsedge bluestem,34
cassava,1
chilean rhubarb,14
chinese bushclover,29
chinese tallow,33
common milkweed,31
common reed,19
cover crops,6
crimson fountaingrass,16
crops,2
curly waterweed,16
eastern baccharis,27
fanwort,30
floating pennywort,15
floating primrose-willow,37
giant hogweed,10
golden wreath wattle,25
himalayan balsam,8
himalayan knotweed,46
invasive species,3
japanese hop,
japanese knotweed,7
japanese stiltgrass,20
kudzu vine,
mesquite,28
needlebush,
nuttall's waterweed,12
oriental bittersweet,
other agricultural subjects,18
parrot's feather,9
perennial veldt grass,
persian hogweed,
purple pampas grass,40
salvinia moss,23
sosnowsky's hogweed,36
spartina,17
tree of heaven,26
vine-like fern,44
water hyacinth,24
water lettuce,32
whitetop weed,21
,
common myna,50
rusty crayfish,56
